;Table 4 - Bank appraisals on housing median value (Euros/Square meter) by construction type - Portugal, NUTS 2 and NUTS 3 - Houses - October 2024;;;;;;;;;;;;;;;;;;;;;;;;;;;;;;;;;;;;;;;;;;;;;;;;;;;;;;;;;;;;;;;;;;;;;;;;;;;;;;;;;;;;;;;;;;;;;;;
Period;1st Quartile - Portugal -  Houses;Median - Portugal - Houses;3rd Quartile - Portugal - Houses;1st Quartile - Continente - Houses;Median - Continente - Houses;3rd Quartile - Continente - Houses;1st Quartile - Norte - Houses;Median - Norte - Houses;3rd Quartile - Norte - Houses;1st Quartile - Alto Minho - Houses;Median - Alto Minho - Houses;3rd Quartile - Alto Minho - Houses;1st Quartile - Alto TÉmega e Barroso - Houses;Median - Alto TÉmega e Barroso - Houses;3rd Quartile - Alto TÉmega e Barroso - Houses;1st Quartile - µrea Metropolitana do Porto - Houses;Median - µrea Metropolitana do Porto - Houses;3rd Quartile - µrea Metropolitana do Porto - Houses;1st Quartile - Ave - Houses;Median - Ave - Houses;3rd Quartile - Ave - Houses;1st Quartile - C†vado - Houses;Median - C†vado - Houses;3rd Quartile - C†vado - Houses;1st Quartile - Douro - Houses;Median - Douro - Houses;3rd Quartile - Douro - Houses;1st Quartile - TÉmega e Sousa - Houses;Median - TÉmega e Sousa - Houses;3rd Quartile - TÉmega e Sousa - Houses;1st Quartile - Terras de Tr†s-os-Montes - Houses;Median - Terras de Tr†s-os-Montes - Houses;3rd Quartile - Terras de Tr†s-os-Montes - Houses;1st Quartile - Centro - Houses;Median - Centro - Houses;3rd Quartile - Centro - Houses;1st Quartile - Beira Baixa - Houses;Median - Beira Baixa - Houses;3rd Quartile - Beira Baixa - Houses;1st Quartile - Beiras e Serra da Estrela - Houses;Median - Beiras e Serra da Estrela - Houses;3rd Quartile - Beiras e Serra da Estrela - Houses;1st Quartile - Regi∆o de Aveiro - Houses;Median - Regi∆o de Aveiro - Houses;3rd Quartile - Regi∆o de Aveiro - Houses;1st Quartile - Regi∆o de Coimbra - Houses;Median - Regi∆o de Coimbra - Houses;3rd Quartile - Regi∆o de Coimbra - Houses;1st Quartile - Regi∆o de Leiria - Houses;Median - Regi∆o de Leiria - Houses;3rd Quartile - Regi∆o de Leiria - Houses;1st Quartile - Viseu D∆o Laf‰es - Houses;Median - Viseu D∆o Laf‰es - Houses;3rd Quartile - Viseu D∆o Laf‰es - Houses;1st Quartile - Oeste e Vale do Tejo - Houses;Median - Oeste e Vale do Tejo - Houses;3rd Quartile - Oeste e Vale do Tejo - Houses;1st Quartile - Oeste - Houses;Median - Oeste - Houses;3rd Quartile - Oeste - Houses;1st Quartile - MÇdio Tejo - Houses;Median - MÇdio Tejo - Houses;3rd Quartile - MÇdio Tejo - Houses;1st Quartile - Lez°ria do Tejo - Houses;Median - Lez°ria do Tejo - Houses;3rd Quartile - Lez°ria do Tejo - Houses;1st Quartile - Grande Lisboa - Houses;Median - Grande Lisboa - Houses;3rd Quartile - Grande Lisboa - Houses;1st Quartile - Pen°nsula de Set£bal - Houses;Median - Pen°nsula de Set£bal - Houses;3rd Quartile - Pen°nsula de Set£bal - Houses;1st Quartile - Alentejo - Houses;Median - Alentejo - Houses;3rd Quartile - Alentejo - Houses;1st Quartile - Alentejo Central - Houses;Median - Alentejo Central - Houses;3rd Quartile - Alentejo Central - Houses;1st Quartile - Alentejo Litoral - Houses;Median - Alentejo Litoral - Houses;3rd Quartile - Alentejo Litoral - Houses;1st Quartile - Alto Alentejo - Houses;Median - Alto Alentejo - Houses;3rd Quartile - Alto Alentejo - Houses;1st Quartile - Baixo Alentejo - Houses;Median - Baixo Alentejo - Houses;3rd Quartile - Baixo Alentejo - Houses;1st Quartile - Algarve - Houses;Median - Algarve - Houses;3rd Quartile - Algarve - Houses;1st Quartile - Regi∆o Aut¢noma dos Aáores - Houses;Median - Regi∆o Aut¢noma dos Aáores - Houses;3rd Quartile - Regi∆o Aut¢noma dos Aáores - Houses;1st Quartile - Regi∆o Aut¢noma da Madeira - Houses;Median - Regi∆o Aut¢noma da Madeira - Houses;3rd Quartile - Regi∆o Aut¢noma da Madeira - Houses
;(1);(2);(3);(1);(2);(3);(1);(2);(3);(1);(2);(3);(1);(2);(3);(1);(2);(3);(1);(2);(3);(1);(2);(3);(1);(2);(3);(1);(2);(3);(1);(2);(3);(1);(2);(3);(1);(2);(3);(1);(2);(3);(1);(2);(3);(1);(2);(3);(1);(2);(3);(1);(2);(3);(1);(2);(3);(1);(2);(3);(1);(2);(3);(1);(2);(3);(1);(2);(3);(1);(2);(3);(1);(1);(2);(3);(1);(2);(3);(1);(2);(1);(2);(3);(1);(2);(3);(1);(2);(3);(1);(2);(3);(1);(2);(3)
jan-2011;612;794;1032;602;780;1020;574;711;892;570;710;880;526;628;752;666;841;1044;582;694;838;584;696;852;457;595;749;524;638;765;520;627;726;508;640;801;448;553;706;437;564;692;546;678;840;529;651;821;534;676;840;485;606;771;629;784;957;675;842;1024;528;690;873;650;779;952;950;1210;1610;900;1086;1316;637;794;963;687;825;982;808;1000;1316;566;708;850;535;695;824;957;1262;1653;693;842;1017;926;1106;1384
fev-2011;613;800;1059;603;785;1041;573;713;908;562;713;896;459;590;741;659;837;1077;577;687;837;584;705;865;446;606;772;522;637;789;553;655;760;511;643;823;422;595;738;404;556;664;562;694;886;533;667;838;541;681;885;491;600;765;628;779;970;676;832;1043;561;692;855;638;784;980;960;1251;1707;924;1128;1339;637;792;963;682;826;984;818;990;1335;559;684;834;579;733;840;972;1244;1686;686;840;1023;926;1096;1382
mar-2011;617;809;1084;606;792;1077;572;714;918;535;708;881;464;590;712;662;843;1098;571;679;822;592;709;914;468;616;775;510;635;789;552;672;786;511;657;844;409;518;711;408;536;676;566;696;888;542;694;875;548;743;916;480;594;749;628;789;979;666;840;1040;559;694;871;645;814;978;1000;1301;1729;929;1135;1359;634;786;977;654;837;1011;817;964;1333;557;670;809;601;742;829;1009;1300;2004;708;857;1023;926;1119;1387
abr-2011;622;818;1099;612;804;1092;575;730;937;541;744;922;467;603;731;675;853;1100;576;680;818;598;715;942;471;596;741;521;638;802;559;695;909;518;672;859;400;524;762;415;562;702;567;732;912;544;696;906;567;755;952;478;588;748;610;774;966;631;819;1003;556;697;851;639;800;969;1003;1308;1748;952;1136;1374;635;792;980;675;852;1051;842;1000;1330;557;677;806;587;738;824;1000;1279;2015;681;841;1003;908;1115;1375
mai-2011;622;814;1083;612;802;1078;580;736;945;571;745;972;502;616;736;671;843;1057;595;706;854;591;716;930;470;583;743;524;648;800;505;666;899;522;678;852;414;565;745;409;587;729;564;730;893;546;684;859;561;723;937;472;602;772;614;780;960;623;814;981;543;700;877;642;829;1006;962;1240;1698;923;1129;1362;634;784;1007;687;852;1057;760;986;1303;548;706;818;580;679;808;999;1274;1819;682;840;1000;910;1136;1376
jun-2011;623;810;1061;613;800;1054;587;738;942;590;791;993;503;648;766;665;837;1042;587;711;849;603;729;929;471;562;717;534;655;809;506;646;802;520;678;844;413;565;750;445;618;748;562;732;853;529;662;855;562;715;900;472;631;834;605;770;950;639;814;980;531;688;828;640;819;1024;930;1164;1651;888;1102;1333;634;785;1013;698;833;1071;779;1004;1225;481;667;804;570;675;809;947;1233;1682;700;825;996;905;1101;1339
jul-2011;609;800;1040;600;787;1031;572;725;929;581;778;962;498;627;749;660;813;1018;566;704;838;589;729;925;449;552;723;517;643;783;481;586;737;510;658;835;416;598;756;441;606;746;576;713;850;529;655;843;560;714;885;469;611;818;620;791;960;666;825;1007;526;691;848;640;821;1017;915;1175;1587;852;1073;1268;610;779;987;666;813;1035;779;988;1211;479;630;801;605;736;844;926;1241;1780;703;825;992;897;1085;1280
ago-2011;603;794;1034;592;781;1022;568;720;922;579;767;955;522;671;826;666;820;1035;545;667;809;569;731;924;452;560;683;514;632;792;...;...;...;506;672;840;412;561;751;450;593;718;594;706;837;520;677;870;555;725;904;469;619;799;614;756;941;659;811;990;541;631;843;625;802;963;930;1200;1600;877;1069;1253;616;777;981;667;821;1039;812;1010;1277;510;638;816;613;732;850;926;1284;1883;694;810;968;893;1077;1288
set-2011;603;787;1037;595;779;1028;564;714;921;572;756;910;516;605;778;667;819;1049;548;660;787;583;732;975;442;550;684;518;641;797;...;...;...;524;685;827;426;563;764;424;583;719;596;710;864;556;682;837;580;733;898;467;620;779;617;753;964;661;817;1015;533;667;885;624;767;974;918;1205;1563;921;1088;1266;607;771;967;674;833;1034;761;1017;1270;533;648;839;593;716;828;916;1274;1827;657;769;938;919;1135;1357
out-2011;605;785;1037;595;779;1025;569;719;929;568;732;914;462;584;812;661;824;1050;571;667;798;585;712;973;454;589;746;516;643;803;467;609;739;514;674;826;363;470;619;461;573;708;594;737;886;532;674;825;556;717;880;469;609;780;588;746;952;667;824;1039;481;631;873;634;736;932;919;1184;1566;923;1086;1291;624;769;962;672;821;1034;755;1052;1351;524;674;823;574;715;809;901;1310;1799;637;769;905;954;1156;1357
nov-2011;607;787;1035;599;780;1027;576;729;938;568;731;880;425;492;662;661;821;1045;587;691;793;607;747;997;465;636;807;509;641;811;481;609;739;502;655;825;328;443;569;473;572;698;558;718;876;541;678;858;539;678;848;470;609;741;614;765;970;665;828;1083;475;654;858;653;775;931;907;1178;1540;887;1099;1302;619;759;940;673;810;988;...;...;...;540;698;838;580;707;810;892;1239;1663;627;771;906;951;1123;1371
dez-2011;602;779;1009;592;770;1000;574;732;924;585;728;871;...;...;...;658;808;1011;593;719;827;597;720;930;519;682;982;479;620;800;466;596;751;500;646;827;319;465;620;455;550;646;558;709;862;497;677;892;532;665;823;493;611;777;606;764;942;666;827;999;473;631;832;649;781;925;916;1181;1573;821;1022;1241;612;750;908;644;817;958;...;...;...;535;701;825;547;677;798;909;1211;1597;637;764;904;944;1124;1354
jan-2012;596;769;997;586;763;989;567;730;917;587;716;869;472;612;764;678;816;1002;551;668;784;598;723;934;502;696;1024;465;616;806;488;615;773;505;645;813;...;...;...;455;550;642;563;708;841;499;670;865;543;662;818;500;634;796;605;750;915;635;794;973;487;656;811;642;787;925;894;1173;1538;803;1024;1257;577;726;891;607;750;922;...;...;...;485;637;743;590;666;777;898;1215;1552;650;774;926;885;1041;1338
fev-2012;594;768;986;584;760;980;566;720;894;573;673;875;471;614;765;656;809;996;537;647;789;570;701;886;558;621;865;480;607;765;497;614;785;509;653;816;...;...;...;446;568;641;567;709;832;480;655;825;548;669;818;542;720;868;582;739;884;621;777;959;487;624;783;609;744;883;945;1235;1571;815;1017;1234;572;726;885;609;738;913;...;...;...;451;615;754;480;640;768;921;1221;1554;658;782;923;895;1039;1264
mar-2012;586;769;997;578;759;990;560;712;901;561;666;913;470;570;765;656;809;1010;528;619;762;567;704;926;521;592;720;491;615;784;534;613;783;506;636;789;...;...;...;458;583;696;563;695;836;492;650;803;557;672;799;517;625;791;585;721;884;602;763;935;512;643;762;626;748;882;957;1236;1570;852;1020;1205;571;737;885;612;757;924;807;972;1174;453;574;730;550;712;800;924;1199;1561;657;799;926;871;1000;1210
abr-2012;581;770;1000;573;761;998;555;702;904;577;736;921;...;...;...;643;800;1006;535;640;758;554;686;881;471;566;686;500;624;802;...;...;...;500;632;788;...;...;...;425;580;718;552;688;809;495;647;816;547;652;795;516;620;780;587;747;894;586;760;934;540;656;787;636;768;891;934;1206;1545;831;1012;1196;567;749;881;589;768;901;791;980;1174;530;646;816;546;689;800;949;1161;1554;649;800;940;875;1025;1253
mai-2012;573;757;980;569;751;979;554;703;895;588;760;956;...;...;...;602;755;959;538;676;781;581;727;907;454;566;686;517;618;805;...;...;...;505;632;789;...;...;...;420;528;720;558;694;823;517;667;815;545;662;811;507;576;746;583;729;893;583;779;922;526;655;784;627;754;872;876;1128;1492;805;1003;1208;566;737;881;572;755;879;725;984;1152;523;648;816;558;715;800;936;1140;1479;598;761;913;827;981;1215
jun-2012;575;750;971;571;740;967;561;704;889;601;751;953;...;...;...;600;753;943;548;693;789;592;741;920;419;537;654;525;621;804;...;...;...;500;632;774;...;...;...;407;525;703;554;725;796;493;633;791;546;646;794;476;622;742;564;707;867;576;780;909;523;654;786;600;710;849;872;1118;1426;823;996;1260;555;723;880;568;731;858;...;...;...;447;645;811;552;668;773;889;1144;1472;573;739;902;840;981;1253
jul-2012;575;742;956;572;735;952;571;706;872;564;741;914;...;...;...;609;759;946;564;683;789;617;750;908;414;570;661;541;620;747;466;580;754;496;628;762;398;616;765;420;538;656;553;728;800;515;632;756;500;616;792;462;610;734;545;698;835;542;761;902;517;636;787;583;694;823;867;1099;1483;828;1011;1254;550;712;893;573;727;911;729;905;1150;418;574;792;572;678;777;856;1128;1471;540;724;873;842;982;1212
ago-2012;572;739;960;569;730;955;568;696;858;593;750;874;544;628;708;618;774;990;531;645;785;620;743;880;417;571;676;529;614;720;...;...;...;490;621;749;386;554;765;440;585;692;525;685;763;495;628;745;482;594;743;499;641;740;535;692;838;533;737;884;503;611;785;575;710;825;867;1099;1454;796;980;1211;521;714;897;554;754;920;810;918;1152;407;527;641;571;679;793;815;1105;1426;569;750;897;841;1014;1204
set-2012;571;730;945;565;726;944;562;696;842;592;750;882;545;632;708;635;767;961;524;641;777;608;734;867;465;589;677;510;577;703;480;590;708;482;618;757;302;414;603;451;606;696;520;667;783;516;652;791;478;595;752;463;616;716;531;676;829;533;741;854;453;563;723;603;725;830;847;1060;1453;780;981;1164;536;711;898;593;722;911;720;908;1085;425;570;719;558;684;786;828;1113;1468;645;681;849;822;1024;1127
out-2012;573;728;948;565;729;952;555;695;853;584;740;907;...;...;...;636;763;955;522;623;772;574;723;880;465;589;665;497;588;711;494;654;709;486;635;758;...;...;...;475;627;732;511;653;763;504;655;822;525;608;750;469;635;720;521;664;838;535;710;878;446;559;714;578;726;872;859;1110;1417;795;973;1173;561;710;877;623;712;903;752;902;997;463;574;708;543;711;821;919;1159;1487;625;658;777;780;981;1100
nov-2012;578;728;941;568;733;944;560;705;869;572;750;908;...;...;...;647;776;952;524;620;795;578;706;881;452;566;673;494;616;760;...;...;...;476;619;758;337;421;520;455;570;705;510;669;776;506;644;804;545;647;762;401;531;695;533;707;845;567;722;897;452;621;764;574;733;839;847;1115;1417;810;990;1178;571;693;860;613;709;917;...;...;...;482;571;704;552;685;759;936;1165;1491;633;659;753;833;1008;1133
dez-2012;574;728;939;568;727;936;560;702;859;572;769;946;...;...;...;652;771;952;529;630;763;575;703;848;436;579;686;494;616;771;...;...;...;477;619;758;361;439;541;473;604;699;551;673;791;490;635;778;523;631;761;401;560;695;557;712;859;580;712;914;520;667;806;536;735;845;836;1117;1379;794;980;1160;563;689;859;608;722;924;...;...;...;500;571;664;521;606;751;918;1154;1466;598;660;803;860;990;1198
jan-2013;559;715;920;551;710;912;540;688;844;547;710;914;...;...;...;641;753;945;517;640;773;573;691;808;439;535;673;459;596;750;...;...;...;475;590;743;358;495;634;451;565;653;540;622;765;462;591;753;521;647;781;365;529;645;565;714;854;620;714;879;508;608;790;607;739;862;803;1010;1348;772;954;1131;561;678;849;595;724;952;...;...;...;473;593;651;540;625;744;865;1080;1368;592;680;852;888;1034;1260
fev-2013;539;698;905;533;693;894;520;658;819;506;705;870;...;...;...;602;734;943;505;604;723;536;669;838;460;554;668;450;579;713;454;563;743;458;568;718;...;...;...;434;555;624;533;614;743;458;554;755;476;575;735;389;561;668;562;704;843;575;695;834;488;599;765;616;739;960;803;1017;1366;733;912;1054;550;680;851;585;719;906;683;931;1169;513;625;687;504;626;749;829;1030;1340;559;714;879;864;979;1230
mar-2013;528;686;902;526;679;888;521;657;832;541;662;858;...;...;...;588;735;959;507;604;760;543;676;838;489;576;707;490;596;722;...;...;...;443;550;680;...;...;...;404;519;608;476;574;670;463;556;756;439;544;699;392;553;662;530;677;821;563;689;820;416;540;707;596;712;925;803;1016;1440;725;911;1058;533;655;832;576;700;855;667;931;1141;468;593;681;488;603;718;863;1031;1250;537;703;874;816;967;1202
abr-2013;540;697;904;537;689;894;534;667;840;515;644;855;...;...;...;587;739;946;508;602;754;572;697;853;498;632;744;497;608;772;...;...;...;442;570;702;...;...;...;395;539;608;475;611;727;489;621;789;419;534;657;423;570;701;526;677;825;567;703;826;417;539;644;595;695;932;805;1047;1369;745;894;1038;531;648;824;567;700;859;612;843;1030;476;556;679;488;609;744;823;970;1231;528;724;884;771;916;1043
mai-2013;543;694;906;537;686;897;537;669;853;513;668;873;...;...;...;596;733;945;489;610;764;573;688;876;431;641;743;503;608;771;...;...;...;449;573;701;...;...;...;391;523;604;530;616;732;487;615;774;410;520;650;419;558;669;508;658;806;535;679;819;415;523;630;566;682;906;798;1013;1320;773;922;1056;505;620;781;558;685;854;575;774;968;427;553;685;477;605;742;768;980;1348;545;746;871;764;929;1182
jun-2013;541;706;909;533;697;905;532;669;835;507;689;878;...;...;...;597;724;897;475;592;723;532;683;855;425;639;740;503;592;754;...;...;...;424;568;702;...;...;...;333;458;600;511;610;723;511;635;757;414;534;662;400;510;691;523;665;835;571;697;854;455;535;694;572;673;907;817;1028;1325;803;942;1090;501;624;785;545;675;859;...;...;...;416;516;718;492;624;767;824;980;1488;567;754;846;737;909;1186
jul-2013;525;689;910;518;680;903;515;652;826;509;717;887;...;...;...;565;702;880;473;584;715;515;643;813;425;541;684;503;596;713;...;...;...;417;549;676;...;...;...;322;393;527;477;577;681;493;612;739;420;516;591;396;492;729;516;637;802;569;667;869;455;543;717;532;629;872;821;1016;1329;818;957;1104;468;633;828;550;723;889;...;...;...;398;489;718;422;607;736;860;1142;1600;586;729;841;764;992;1289
ago-2013;531;703;925;522;693;914;509;648;818;509;711;886;...;...;...;562;702;857;496;592;718;516;674;814;455;537;652;494;596;713;...;...;...;417;545;682;...;...;...;315;393;509;457;571;685;503;623;753;419;512;593;425;535;727;535;650;827;583;709;887;468;584;738;532;629;812;842;1053;1402;792;942;1110;487;664;868;564;724;891;...;...;...;415;509;645;387;587;749;867;1077;1372;593;738;879;755;984;1225
set-2013;536;696;919;530;682;905;516;642;816;599;734;887;...;...;...;561;700;863;501;601;704;536;656;816;442;528;619;498;595;714;...;...;...;448;567;708;...;...;...;358;449;571;493;598;764;468;612;750;454;534;642;446;560;711;511;637;797;552;671;836;463;559;725;508;629;803;828;1056;1421;766;953;1123;511;706;874;573;719;897;...;...;...;411;510;677;470;686;789;829;1041;1326;561;720;889;724;989;1195
out-2013;541;703;918;534;691;906;520;651;808;553;659;811;...;...;...;583;711;887;501;605;731;535;655;816;477;542;691;507;595;716;...;...;...;446;573;724;297;457;615;370;473;634;498;618;760;466;596;736;468;581;722;442;547;681;507;635;790;552;686;878;463;526;669;520;627;763;856;1067;1528;803;951;1128;524;698;871;576;715;911;...;...;...;410;564;677;475;651;783;832;1017;1320;587;767;906;712;940;1147
nov-2013;543;699;909;537;690;903;536;660;819;553;636;778;...;...;...;600;709;910;504;619;750;533;646;816;448;544;717;509;580;718;...;...;...;444;583;746;331;469;623;370;484;651;493;610;786;476;598;738;475;604;760;408;556;767;513;637;769;566;686;845;451;536;655;523;642;770;866;1062;1528;802;937;1075;525;681;875;576;701;898;742;980;1109;425;574;686;477;667;791;809;1015;1358;570;738;882;700;901;1123
dez-2013;544;708;915;540;699;912;535;668;833;543;632;749;...;...;...;603;729;965;508;662;822;535;657;816;453;552;736;503;586;720;...;...;...;439;584;757;303;444;660;372;540;667;478;654;792;500;606;762;436;579;751;407;547;767;507;640;799;583;704;914;447;539;649;503;617;771;812;1044;1448;782;912;1046;534;672;838;611;731;904;...;...;...;469;574;644;458;559;707;828;1099;1487;587;747;875;699;896;1055
jan-2014;551;706;912;549;702;917;547;678;849;545;648;774;...;...;...;603;743;983;504;670;836;547;681;831;493;586;739;502;582;763;...;...;...;449;579;762;347;476;656;372;496;650;501;653;821;489;589;768;434;559;737;455;547;753;517;650;790;586;703;896;453;566;656;482;638;791;734;1028;1411;758;917;1063;539;701;828;614;731;901;754;846;1135;492;579;657;483;634;724;735;1050;1281;549;718;840;662;877;1091
fev-2014;556;709;921;552;706;925;536;672;846;542;648;760;...;...;...;595;765;1000;490;641;807;531;659;818;510;602;739;497;602;734;...;...;...;473;588;731;...;...;...;390;564;664;531;640;791;518;610;742;435;559;712;433;541;680;490;637;793;578;702;884;447;567;675;470;607;769;750;1023;1438;752;903;1093;549;696;828;620;759;924;...;...;...;494;593;653;520;634;720;750;1052;1530;576;703;829;678;936;1110
mar-2014;551;698;909;548;696;913;522;666;823;551;690;799;...;...;...;593;736;940;474;582;753;505;626;802;473;577;711;468;596;697;...;...;...;461;587;724;...;...;...;379;463;624;531;625;750;503;615;769;435;559;737;462;513;666;482;610;746;567;669;777;441;562;663;471;620;755;806;1081;1461;773;929;1127;554;694;813;568;698;889;...;...;...;452;590;664;559;647;720;734;1018;1332;572;688;818;668;830;1140
abr-2014;551;696;900;545;692;899;520;660;811;573;693;810;...;...;...;596;738;903;485;597;737;488;627;750;381;544;682;499;609;710;...;...;...;461;595;728;...;...;...;387;463;639;516;614;723;536;649;775;434;559;719;440;522;669;482;617;743;562;663;748;399;550;668;506;587;746;797;1081;1466;746;902;1042;501;644;785;501;683;893;...;...;...;430;552;653;464;599;694;780;1071;1485;591;692;819;687;896;1075
mai-2014;537;684;878;528;681;872;515;654;800;592;694;816;...;...;...;569;708;874;475;604;724;509;636;755;428;558;679;452;576;694;...;...;...;455;580;725;...;...;...;389;445;597;523;624;741;467;595;754;467;605;724;477;566;681;510;626;769;572;657;782;401;549;697;524;650;753;791;1138;1504;722;901;1035;478;621;784;504;654;935;...;...;...;400;538;664;474;549;651;727;1026;1339;590;690;833;666;878;1119
jun-2014;539;688;890;532;684;880;520;660;814;587;690;815;...;...;...;580;728;912;493;629;750;511;644;769;502;593;677;455;580;716;...;...;...;462;578;708;...;...;...;384;452;593;487;594;715;488;603;760;495;617;715;467;565;687;516;635;770;559;659;784;401;592;756;519;638;752;816;1089;1458;712;864;1019;466;595;772;538;646;875;...;...;...;400;534;682;460;525;629;776;1062;1419;573;704;825;692;935;1150
jul-2014;539;700;920;536;694;917;521;661;824;547;675;812;...;...;...;582;743;939;490;623;751;517;660;779;511;613;681;462;578;715;424;531;672;459;585;727;...;...;...;387;473;614;485;606;748;490;587;763;520;640;777;459;551;670;512;631;782;542;651;796;401;579;713;512;629;779;866;1090;1497;713;852;1022;510;635;838;570;682;875;581;722;950;428;563;702;478;543;625;822;1075;1401;542;706;834;654;930;1130
ago-2014;551;710;925;548;704;925;534;670;832;533;684;815;...;...;...;595;759;962;514;633;738;514;660;813;469;625;680;491;607;727;424;549;699;458;586;753;...;...;...;394;500;661;480;605;753;508;635;821;476;629;776;410;491;645;484;625;755;528;643;784;420;581;731;451;612;754;866;1085;1432;742;878;1060;557;680;843;579;733;908;674;800;950;438;627;706;479;599;704;855;1060;1393;571;714;833;679;898;1101
set-2014;550;709;915;547;701;916;526;664;824;522;660;799;...;...;...;580;734;917;515;603;712;515;660;824;465;597;675;475;600;724;...;...;...;467;598;773;...;...;...;461;529;673;515;675;797;512;667;834;485;608;796;409;478;639;500;619;749;528;641;796;440;579;718;480;614;787;863;1069;1429;719;878;1073;557;691;853;628;777;986;680;800;1025;438;544;701;488;605;755;799;1022;1366;578;735;850;679;872;1065
out-2014;548;700;894;540;692;896;524;659;824;518;655;792;...;...;...;583;730;893;499;599;700;514;659;824;450;561;676;482;607;707;488;600;789;477;611;758;...;...;...;461;543;660;561;667;760;532;667;832;445;570;763;409;509;658;502;639;761;530;648;761;466;558;728;491;639;792;819;1031;1379;675;912;1072;500;655;840;581;714;929;...;...;...;381;501;618;495;602;741;759;1000;1357;594;725;831;724;871;1073
nov-2014;538;695;884;532;689;885;516;654;820;516;658;792;...;...;...;576;731;904;504;602;702;511;641;815;472;561;704;477;571;686;491;669;789;477;616;758;...;...;...;448;529;663;553;663;783;539;668;810;445;584;758;427;533;700;500;640;766;515;652;764;459;537;713;533;644;798;815;1042;1402;702;909;1065;479;622;802;577;681;895;678;805;1047;377;488;580;405;579;696;749;1068;1393;574;697;805;725;888;1064
dez-2014;539;700;887;533;695;888;521;652;823;524;685;835;...;...;...;585;731;901;500;607;726;513;636;812;475;565;763;498;575;686;491;568;740;463;614;753;375;515;717;392;543;698;519;647;752;519;657;783;448;592;759;416;539;705;498;656;782;503;667;800;457;528;736;536;663;796;801;1050;1407;731;912;1073;486;631;826;527;681;895;684;835;1017;377;538;665;402;590;723;740;1018;1327;569;679;798;714;903;1125
jan-2015;533;702;888;528;697;886;523;654;816;538;700;834;550;705;758;580;723;908;503;618;749;523;655;825;497;565;674;477;560;682;...;...;...;452;601;749;358;521;762;381;500;693;491;632;775;488;650;786;475;584;717;421;524;703;480;655;785;495;667;803;449;520;735;528;677;789;812;1075;1450;750;910;1099;490;668;833;501;682;875;657;835;1053;459;601;680;402;627;752;742;989;1299;551;700;803;705;925;1153
fev-2015;533;704;900;529;699;894;528;655;827;538;700;878;573;684;750;587;724;909;494;615;764;539;681;829;432;551;678;468;566;709;...;...;...;458;591;744;363;519;763;392;476;661;513;632;778;472;632;784;491;608;730;427;526;687;481;641;790;526;686;821;440;510;707;508;672;787;806;1040;1425;740;908;1107;521;669;836;527;699;879;655;841;1071;465;601;675;496;628;826;758;981;1315;567;736;849;679;926;1152
mar-2015;530;693;894;527;685;891;524;650;805;538;657;797;589;675;727;585;714;913;494;599;741;529;673;805;423;565;724;462;559;691;429;522;714;463;586;736;405;507;709;432;523;641;518;640;778;486;650;767;484;546;688;436;534;628;468;631;779;523;667;816;408;517;675;492;664;778;811;1042;1450;730;881;1045;518;641;860;541;727;948;703;864;1093;494;565;668;489;586;782;762;990;1265;561;734;847;727;884;1033
abr-2015;533;690;891;529;684;891;514;646;812;538;653;817;524;617;718;584;718;913;501;607;749;527;667;813;418;548;684;460;557;709;425;511;673;463;587;722;424;488;631;415;533;660;534;646;823;464;605;748;492;560;693;448;550;638;496;627;792;525;665;836;433;553;678;515;649;795;804;1027;1421;754;884;1026;522;651;862;556;754;941;762;909;1088;458;553;664;493;576;742;762;989;1305;559;704;854;681;819;1016
mai-2015;540;696;897;537;691;895;528;659;824;546;663;817;483;605;705;599;728;907;529;631;801;524;664;816;422;553;678;477;569;723;414;502;662;457;582;725;403;459;623;397;534;657;528;643;798;464;627;757;481;547;680;448;552;650;500;630;797;531;667;841;440;544;671;528;676;831;798;1049;1397;759;892;1035;523;663;862;556;744;932;709;899;1086;453;550;674;516;613;751;773;1000;1282;560;718;864;688;819;1062
jun-2015;548;704;905;546;701;901;537;673;833;577;711;825;463;572;676;602;758;939;530;650;810;538;661;818;455;548;645;484;566;720;436;509;680;466;593;729;393;489;648;411;534;637;518;643;782;480;638;766;461;564;712;462;566;667;500;630;810;534;665;841;474;566;692;513;653;851;821;1063;1396;751;919;1090;549;678;831;591;748;901;700;848;1114;451;577;680;544;615;764;780;989;1284;569;718;886;671;820;1035
jul-2015;556;714;916;553;710;913;549;682;833;572;696;823;465;536;672;610;760;931;535;655;803;543;664;812;484;574;680;495;580;736;440;568;694;473;600;732;366;488;652;417;547;643;510;637;763;495;670;811;470;564;712;468;573;666;484;635;808;507;660;848;439;562;717;506;654;836;821;1073;1397;739;923;1105;556;680;828;604;762;925;698;806;1005;430;569;680;559;614;758;828;1024;1327;575;718;876;683;859;1114
ago-2015;551;711;913;550;707;910;543;674;825;552;692;819;473;558;715;608;751;931;521;657;791;546;664;806;478;561;693;485;571;713;434;593;699;475;601;723;375;536;673;423;531;644;511;637;745;490;652;790;450;559;709;478;563;657;480;639;792;507;656;839;433;582;721;479;644;799;828;1109;1537;740;920;1132;552;682;842;608;773;949;699;809;1089;460;570;690;552;611;745;820;1024;1390;571;714;854;624;862;1080
set-2015;552;713;920;549;709;917;536;672;828;525;671;806;477;606;725;608;747;929;518;629;770;558;682;829;465;563;719;459;575;725;440;572;688;472;592;717;365;582;692;405;492;649;523;643;741;500;630;774;450;553;691;477;557;646;488;643;791;513;653;833;424;566;714;512;681;838;826;1120;1499;778;901;1092;559;697;855;591;776;972;717;840;1231;460;581;722;577;657;747;824;1051;1432;571;730;859;687;967;1134
out-2015;556;714;928;554;711;922;544;679;842;522;666;832;516;608;772;619;755;954;514;640;778;549;684;843;433;560;727;479;584;718;486;607;689;474;602;724;371;597;664;407;493;653;553;665;769;500;627;762;444;561;688;475;551;652;509;643;780;533;667;800;454;577;709;495;655;804;860;1154;1507;771;914;1098;556;691;877;553;721;934;688;919;1246;503;583;714;577;676;762;885;1099;1421;563;738;878;710;999;1146
nov-2015;560;717;932;557;713;928;547;685;842;533;676;820;470;603;752;619;757;976;513;632;768;556;689;844;429;580;730;458;581;729;512;599;679;474;599;729;374;568;673;402;506;622;547;667;784;505;622;784;476;575;695;458;550;652;511;643;801;534;657;821;442;566;709;514;667;820;840;1127;1441;771;914;1103;561;690;856;572;731;904;665;851;1178;492;622;721;551;657;766;861;1089;1424;563;736;884;711;950;1134
dez-2015;560;722;939;557;717;937;552;688;851;533;668;832;492;571;756;628;763;980;511;648;777;553;687;837;481;599;729;461;604;731;514;598;678;454;603;743;378;526;655;397;540;652;527;641;779;460;625;789;487;602;739;428;553;691;513;646;810;542;674;830;430;569;711;512;659;806;870;1127;1451;768;906;1125;549;687;871;591;721;893;663;870;1088;456;589;699;512;631;777;856;1087;1436;557;736;874;738;918;1161
jan-2016;557;720;946;553;717;947;555;682;854;587;678;821;466;576;743;619;756;997;517;641;765;552;677;833;483;580;716;458;594;729;504;567;670;448;589;745;393;495;629;376;524;644;512;635;776;450;615;788;486;605;747;391;515;658;502;646;813;544;674;846;418;522;683;524;675;829;857;1123;1455;772;903;1100;539;692;878;592;721;909;637;836;1079;472;641;744;502;592;782;805;1042;1406;578;738;891;699;870;1144
fev-2016;554;721;945;550;716;945;550;676;857;565;681;858;471;571;694;625;771;1000;520;637;753;537;676;833;478;584;699;463;589;704;...;...;...;449;588;739;411;491;593;371;546;686;518;638;767;464;626;784;481;604;736;386;512;658;502;654;792;543;681;830;437;541;703;535;667;762;871;1132;1510;775;901;1108;504;681;871;547;713;879;676;883;1121;470;616;719;425;640;771;800;1070;1384;587;733;875;700;919;1149
mar-2016;550;714;935;548;711;938;544;673;853;575;682;853;494;600;720;611;780;1008;524;635;753;546;668;820;461;568;680;454;575;701;463;570;683;454;591;746;365;468;544;357;506;652;535;662;791;485;629;788;475;602;732;376;500;644;510;659;789;544;688;839;450;562;737;535;668;757;820;1126;1516;736;913;1100;510;670;836;509;722;884;678;832;1121;510;612;736;458;585;728;818;1048;1347;564;714;863;663;853;1081
abr-2016;548;717;939;546;715;943;535;676;860;543;685;863;499;613;733;601;792;1000;512;626;755;572;676;816;466;577;680;452;568;722;477;602;659;469;602;749;357;440;556;357;511;658;543;667;805;497;650;790;481;602;734;407;514;619;506;661;805;534;688;854;450;604;758;526;670;790;808;1102;1500;740;931;1136;506;666;850;526;712;881;755;925;1142;491;599;686;435;569;701;836;1059;1374;530;681;821;701;902;1086
mai-2016;560;727;956;559;726;959;543;686;878;581;698;880;530;624;754;608;798;1019;507;632;781;584;698;835;463;562;667;459;579;734;518;617;714;469;620;773;365;430;569;342;504;656;564;674;808;504;663;833;492;631;763;392;521;670;507;660;812;564;704;871;425;591;756;505;652;789;830;1117;1495;734;930;1121;530;672;866;546;728;930;705;949;1175;492;601;695;472;568;698;819;1044;1377;537;700;846;709;915;1119
jun-2016;562;738;965;560;735;964;550;698;881;563;706;880;517;624;761;629;790;1016;503;622;789;591;722;870;457;560;664;476;597;740;516;590;694;464;614;770;377;473;626;336;507;625;519;654;800;490;667;850;485;629;764;399;509;684;526;678;825;564;721;869;442;623;765;502;671;820;871;1152;1529;780;942;1139;530;681;887;584;746;968;705;940;1166;446;560;685;436;598;741;837;1073;1455;557;714;882;772;930;1207
jul-2016;565;741;965;564;739;965;556;700;883;535;683;835;544;632;805;634;802;1019;513;645;805;579;723;866;461;560;687;486;603;727;497;577;688;466;612;770;397;491;582;336;490;647;524;656;787;479;668;860;494;632;783;400;530;714;537;673;829;573;712;859;484;619;767;514;671;821;890;1161;1595;766;957;1138;542;694;867;598;771;919;687;923;1154;455;578;696;520;627;786;851;1068;1430;557;723;892;721;886;1136
ago-2016;565;748;974;563;746;976;558;712;889;540;700;874;448;649;814;633;805;1020;517;662;797;576;726;867;436;571;729;507;615;732;436;568;662;464;605;769;424;507;639;358;531;687;511;655;784;470;662;854;497;608;776;412;528;691;538;687;835;561;726;872;492;618;768;538;691;832;885;1179;1606;775;966;1153;530;691;883;554;756;900;709;935;1164;444;563;687;505;650;774;913;1145;1461;568;728;909;720;884;1144
set-2016;568;751;984;567;748;989;556;711;888;538;700;874;457;637;805;632;808;1030;529;671;811;577;733;874;444;576;730;485;600;742;512;585;717;474;614;774;397;500;629;383;531;683;534;657;785;479;691;857;504;614;771;430;525;702;534;667;836;560;691;870;480;616;758;535;677;832;890;1185;1639;780;980;1184;523;684;869;523;731;882;661;852;1111;490;571;731;494;652;798;891;1132;1450;565;726;909;712;881;1105
out-2016;572;755;999;569;752;1000;555;709;886;565;710;895;508;637;757;631;807;1031;527;659;788;577;740;875;439;570;727;477;596;729;496;603;752;475;617;774;380;525;681;433;510;664;517;652;777;492;688;827;497;629;784;435;550;716;536;680;859;566;705;912;440;615;762;535;677;828;919;1228;1647;784;960;1178;511;667;872;505;705;898;621;842;1111;491;565;711;500;642;783;897;1142;1452;588;728;909;740;909;1226
nov-2016;575;754;1003;572;750;1005;551;703;881;546;699;875;525;650;758;625;801;1014;535;660;789;580;728;872;473;576;703;467;584;720;488;594;727;475;615;776;355;447;583;403;510;665;517;638;765;498;683;826;487;647;806;461;562;734;516;660;844;562;694;867;434;603;764;525;677;811;938;1232;1640;799;980;1198;532;698;877;525;690;883;646;840;1072;494;588;755;546;676;800;887;1132;1424;591;750;910;761;906;1201
dez-2016;582;766;1013;580;761;1013;568;721;905;557;700;898;521;682;755;645;833;1064;547;670;800;590;740;874;477;585;699;476;597;727;491;594;728;480;618;786;348;454;589;420;531;674;526;651;780;500;647;817;494;651;815;470;587;758;510;662;840;570;715;873;424;567;738;517;662;822;931;1222;1621;796;964;1202;573;720;901;568;717;909;720;924;1154;468;599;754;555;673;778;905;1161;1457;592;747;912;777;962;1203
jan-2017;588;777;1022;584;774;1024;572;729;919;578;707;900;498;682;783;643;841;1061;555;695;822;602;745;903;502;600;714;475;611;747;520;620;750;481;625;790;344;454;589;415;545;707;528;669;791;490;641;826;525;654;831;457;600;769;507;662;833;544;694;873;442;567;707;526;685;827;903;1213;1622;821;1000;1212;600;736;918;608;735;920;720;936;1180;410;580;750;603;680;802;965;1204;1564;597;751;912;730;960;1198
fev-2017;587;779;1015;584;776;1019;574;735;931;592;712;907;489;630;767;644;849;1059;552;688;821;605;765;940;439;592;721;476;618;775;414;561;743;491;636;795;324;488;624;416;573;718;528;676;828;496;651;824;534;655;831;452;565;759;515;668;834;547;701;888;426;576;738;547;699;828;894;1211;1647;796;979;1197;580;736;924;613;752;953;752;958;1191;471;582;748;490;664;797;991;1240;1579;604;749;905;728;975;1168
mar-2017;583;772;1014;580;769;1017;571;728;924;571;704;885;509;618;779;642;829;1036;544;658;800;617;780;985;450;582;739;483;640;771;407;553;738;479;621;775;367;500;629;411;572;692;511;659;807;470;641;809;514;646;792;457;552;744;528;686;843;577;720;882;411;542;748;592;721;853;900;1240;1712;784;992;1167;548;719;923;590;735;959;746;1001;1254;488;598;755;510;694;797;964;1223;1597;604;745;903;731;960;1199
abr-2017;583;768;1013;579;763;1014;568;725;913;548;690;861;508;602;730;640;825;1039;547;657;804;619;774;944;450;570;732;502;654;757;443;521;680;482;622;785;406;535;628;445;560;680;503;656;828;502;649;827;510;648;793;437;538;730;528;696;862;588;742;909;419;542;732;592;726;873;921;1214;1697;776;981;1170;546;718;912;549;725;966;746;936;1254;515;617;740;507;679;785;923;1214;1591;600;761;909;750;979;1245
mai-2017;593;780;1020;589;778;1023;580;741;918;553;704;859;507;615;760;648;827;1041;555;680;834;642;779;925;447;580;752;523;658;783;457;559;781;484;628;803;434;585;655;410;552;677;525;681;850;498;648;838;496;649;812;439;560;728;531;694;854;590;744;907;428;560;749;597;710;840;940;1248;1687;786;983;1198;552;723;942;604;774;1019;735;902;1282;457;607;736;502;661;787;926;1219;1597;600;745;898;735;1011;1244
jun-2017;605;793;1030;601;792;1033;583;748;924;582;752;864;514;641;783;649;837;1048;578;718;862;633;767;904;437;581;772;524;655;807;440;548;676;502;647;830;490;588;683;390;544;690;540;694;856;529;676;866;518;678;851;462;595;771;527;695;852;591;755;920;429;570;746;590;705;835;959;1268;1687;807;991;1210;568;740;937;638;823;1017;725;902;1134;454;583;729;486;636;790;910;1221;1589;602;748;889;739;964;1185
jul-2017;614;795;1028;612;796;1033;589;750;924;598;753;890;494;641;770;651;834;1042;570;718;853;637;778;933;438;644;792;526;653;790;424;495;645;520;664;833;486;628;730;396;549;709;550;704;856;552;678;860;535;680;845;491;614;799;549;710;860;600;766;923;436;574;765;597;727;861;964;1271;1710;814;998;1210;571;741;933;643;773;982;738;898;1146;464;620;755;489;658;809;912;1219;1632;619;736;875;746;938;1168
ago-2017;617;797;1041;613;798;1045;589;751;937;584;745;895;463;623;743;654;841;1057;573;718;858;635;801;951;457;618;775;527;642;803;425;496;645;529;675;836;443;615;733;405;560;690;549;716;865;569;687;874;553;705;859;493;611;793;556;720;869;617;775;939;452;611;770;597;734;880;963;1253;1744;803;1000;1199;572;739;921;638;752;943;769;979;1304;504;631;755;494;665;814;926;1260;1698;603;732;877;768;942;1175
set-2017;619;801;1047;616;800;1051;588;746;938;579;747;898;462;586;690;658;836;1063;565;718;842;624;804;946;427;565;727;530;645;796;431;505;676;524;679;855;440;615;766;435;606;691;578;729;871;536;682;871;563;727;891;491;615;807;580;737;889;639;789;958;479;627;776;610;732;885;968;1258;1753;814;1007;1212;571;750;938;640;753;963;805;962;1299;519;640;781;499;645;814;957;1265;1712;615;748;892;791;953;1302
out-2017;619;806;1065;617;805;1067;595;757;959;608;769;932;477;587;733;670;850;1081;567;714;850;608;793;947;436;565;754;541;661;804;468;602;720;516;679;849;417;595;750;432;607;722;574;722;871;518;680;862;569;731;896;489;612;788;572;736;897;633;777;959;488;639;817;563;723;872;986;1281;1751;821;1018;1221;560;740;947;599;774;957;735;980;1301;522;643;767;492;646;817;949;1253;1669;600;745;903;778;961;1336
nov-2017;620;807;1066;616;804;1070;599;758;960;609;766;942;472;641;775;678;862;1089;562;719;845;608;767;922;440;563;732;543;664;800;478;629;748;511;680;852;419;572;733;422;559;710;563;713;871;527;698;888;563;740;885;465;626;806;564;734;902;619;777;956;477;645;817;563;735;873;992;1282;1755;842;1046;1260;526;711;937;457;715;932;709;972;1233;523;653;773;508;644;824;933;1212;1503;621;764;907;773;976;1321
dez-2017;616;806;1067;614;806;1072;607;769;971;611;765;941;486;632;783;679;868;1096;574;724;869;612;774;940;455;621;801;562;687;800;485;625;735;515;682;850;417;537;702;419;515;691;558;726;879;556;713;897;559;723;873;477;609;780;553;732;900;581;768;966;476;620;798;562;747;897;986;1292;1764;844;1047;1275;529;711;924;472;707;864;727;1013;1302;527;656;776;513;662;870;912;1202;1495;604;756;903;754;1003;1306
jan-2018;622;811;1074;620;811;1082;616;776;975;603;756;919;493;612;778;714;905;1120;588;737;882;629;779;944;452;588;720;548;690;801;473;625;754;516;677;863;440;573;702;420;513;692;558;724;881;590;714;938;526;720;873;467;640;786;563;736;908;593;769;986;482;629;793;581;741;897;1007;1314;1837;860;1077;1299;544;715;924;479;721;888;752;1023;1244;470;632;761;557;670;810;912;1206;1554;614;759;908;774;1008;1270
fev-2018;625;815;1082;624;814;1089;617;777;975;601;765;934;507;631;831;700;905;1148;592;735;879;637;791;960;460;605;759;542;685;788;495;607;765;530;687;856;447;566;726;421;574;740;587;733;879;588;707;933;550;696;873;484;646;788;560;730;912;606;765;986;486;632;797;579;726;916;1034;1350;1863;879;1096;1318;583;749;934;664;805;1001;743;937;1246;465;615;735;541;710;847;909;1227;1612;608;763;950;792;987;1222
mar-2018;629;820;1096;625;819;1102;612;784;978;603;788;937;511;646;831;710;909;1162;588;747;888;635;786;948;421;586;759;526;660;800;453;605;766;535;687;856;474;605;742;452;599;738;596;741;880;585;700;891;552;683;856;465;658;799;572;732;919;614;760;992;510;637;805;586;726;931;1059;1374;1905;895;1111;1322;574;736;943;660;800;1059;750;878;1242;454;579;695;556;700;820;940;1234;1647;643;778;961;780;961;1209
abr-2018;622;817;1087;617;812;1093;601;773;972;590;780;931;542;664;849;688;882;1150;577;739;868;625;782;947;479;605;762;525;655;806;504;622;807;524;682;850;456;596;793;447;599;728;595;738;883;558;696;891;560;706;846;439;625;782;560;722;914;604;757;978;511;627;796;575;724;916;1051;1402;1951;888;1099;1325;564;743;936;644;806;1077;750;884;1246;473;596;698;549;684;827;928;1222;1624;671;811;974;788;988;1186
mai-2018;621;819;1091;615;815;1098;600;779;983;616;790;923;514;646;802;685;883;1154;572;739;864;632;797;951;490;638;781;528;655;817;505;662;875;508;668;846;467;626;762;445;585;703;575;717;885;543;686;878;547;703;856;429;602;773;577;736;923;626;776;981;513;645;817;591;741;915;1040;1422;2000;890;1102;1321;564;732;952;618;784;1019;778;950;1339;504;599;702;559;684;805;946;1259;1643;657;800;955;763;967;1230
jun-2018;625;823;1091;622;820;1098;608;780;981;617;779;932;522;657;850;686;883;1141;572;723;858;640;801;972;514;642;805;550;689;836;536;668;885;504;677;854;340;579;738;445;571;733;576;720;897;512;687;878;557;733;895;453;592;774;573;732;911;623;782;977;505;645;815;576;724;880;1053;1419;1979;931;1142;1358;589;735;940;597;784;992;743;961;1322;535;632;755;553;684;794;883;1253;1641;637;781;943;775;1006;1239
jul-2018;638;840;1109;636;841;1119;627;805;992;650;792;964;501;628;856;706;907;1156;597;750;887;660;827;981;516;689;846;562;705;847;550;664;857;510;689;877;342;548;725;445;571;744;577;731;907;530;711;888;567;754;932;466;619;798;575;748;920;624;799;981;491;677;851;573;736;880;1111;1443;1955;936;1164;1394;564;727;940;580;755;955;743;987;1334;521;609;742;540;677;833;900;1264;1649;628;771;922;771;995;1266
ago-2018;646;856;1126;644;855;1134;635;812;998;626;774;960;526;667;893;720;918;1150;603;748;900;645;816;980;508;704;846;584;734;870;534;655;824;534;715;898;300;553;740;455;587;777;614;761;940;525;717;894;599;790;964;494;636;858;586;762;942;636;820;1002;485;646;843;613;762;923;1099;1427;1940;964;1188;1434;562;737;951;600;813;960;754;972;1342;482;586;731;522;635;837;908;1235;1653;642;800;957;847;1077;1264
set-2018;648;864;1149;643;863;1155;637;817;1023;597;752;954;513;628;889;737;935;1191;613;749;906;645;820;999;537;698;847;602;736;873;464;655;840;533;712;903;369;551;763;468;614;827;593;767;935;519;702;896;569;767;968;487;637;861;600;783;962;634;834;1035;504;669;874;639;774;968;1113;1449;1961;954;1183;1453;541;739;956;610;829;997;836;976;1313;480;561;696;506;629;867;998;1315;1738;667;805;965;879;1096;1380
out-2018;644;860;1150;640;859;1157;628;807;1017;578;753;933;456;589;814;736;932;1175;608;755;898;627;804;1000;504;656;832;603;732;875;426;589;749;535;710;909;476;632;791;478;588;783;606;772;957;522;702;948;562;707;957;501;652;861;597;771;970;629;826;1043;473;635;842;624;755;974;1112;1439;1945;984;1188;1454;568;750;972;620;828;1027;848;1048;1316;500;581;715;510;649;834;1004;1301;1763;662;798;942;888;1120;1364
nov-2018;644;856;1173;640;856;1183;626;806;1018;571;746;933;417;586;818;736;931;1221;598;762;897;658;833;994;493;642;813;584;712;849;410;618;767;522;701;898;403;567;747;451;550;756;596;756;932;556;735;981;541;700;960;511;652;792;597;775;969;625;811;1026;494;661;853;611;771;968;1148;1469;1967;983;1200;1477;569;731;973;569;780;1029;848;1018;1294;526;640;726;543;679;838;1040;1349;1947;658;784;923;819;1062;1440
dez-2018;649;863;1200;646;866;1205;625;808;1017;585;765;953;497;703;831;734;936;1214;607;763;891;691;837;999;482;642;821;573;711;849;436;589;756;530;704;901;407;601;786;440;543;762;605;756;930;581;739;990;541;700;957;506;650;776;613;787;999;646;832;1104;484;650;833;634;779;968;1146;1462;1989;976;1196;1477;546;726;974;459;691;988;825;1033;1426;527;677;759;550;709;857;1100;1508;2231;640;783;932;828;1073;1399
jan-2019;652;872;1214;651;874;1224;631;816;1031;581;772;972;534;703;833;734;951;1237;610;763;902;696;834;998;495;652;823;567;702;850;459;621;762;518;704;889;397;530;712;432;553;774;596;762;910;582;742;967;550;710;929;492;627;775;632;812;1029;659;845;1126;541;696;902;669;822;1005;1147;1500;2055;965;1211;1470;550;747;980;399;683;981;817;996;1346;600;698;780;560;731;894;1162;1583;2356;632;798;976;820;1085;1370
fev-2019;650;879;1200;648;879;1210;632;825;1039;622;820;999;542;645;784;750;970;1218;611;773;900;691;839;1040;514;692;853;555;682;861;450;567;709;530;708;900;407;561;740;432;591;815;604;766;938;587;747;973;546;724;910;487;619;803;625;819;1034;643;855;1135;541;696;915;669;820;986;1141;1512;2124;984;1199;1459;560;771;1006;413;747;997;822;1057;1335;554;696;797;551;753;892;1177;1593;2401;634;821;1000;850;1076;1322
mar-2019;654;878;1178;652;879;1191;633;834;1039;636;862;1023;550;685;858;734;951;1214;609;772;906;687;842;1023;512;709;880;551;688;864;378;604;768;535;723;913;395;554;715;452;657;844;608;771;955;592;789;1003;543;735;879;489;624;822;610;813;1011;621;846;1073;553;761;984;653;813;962;1157;1538;2122;978;1204;1457;589;798;1007;609;832;1022;835;1061;1301;539;680;818;549;739;891;1121;1467;2001;643;823;1001;833;1027;1298
abr-2019;658;880;1182;656;880;1193;636;832;1039;661;839;1000;564;714;937;734;946;1233;605;763;899;690;855;1015;471;690;881;553;694;868;371;537;801;542;731;915;443;558;770;463;621;815;609;771;963;585;768;973;533;739;933;500;645;825;618;821;1007;632;856;1109;542;725;980;667;833;955;1122;1517;2087;996;1232;1506;594;815;1029;644;847;1044;851;1031;1213;497;664;842;531;739;863;1078;1395;1939;659;821;994;877;1036;1318
mai-2019;664;882;1196;659;881;1203;646;825;1037;681;790;989;558;729;940;734;944;1273;610;755;902;683;845;1005;470;643;893;562;712;850;393;641;807;543;720;908;443;569;751;471;606;813;598;770;959;551;729;933;530;769;974;520;659;844;619;817;1017;683;870;1117;559;763;960;622;795;968;1111;1537;2143;997;1235;1512;600;819;1031;629;865;1103;838;994;1410;443;625;787;540;771;893;1042;1375;1930;686;837;990;806;1020;1320
jun-2019;665;885;1202;661;885;1209;648;827;1051;661;773;980;505;681;863;764;959;1294;614;762;904;664;838;1012;469;640;890;562;715;836;492;689;836;541;712;911;453;612;802;457;580;790;596;792;967;543;700;873;555;785;1033;493;642;840;625;817;1028;681;858;1109;547;723;908;631;832;1006;1111;1553;2166;1022;1246;1530;597;806;1029;644;850;1102;731;935;1300;446;606;789;582;795;920;1042;1369;1876;680;820;990;808;1067;1330
jul-2019;668;895;1216;664;897;1224;650;834;1056;645;789;981;535;665;820;776;977;1285;622;780;928;660;847;1043;502;661;892;562;715;837;516;704;840;532;707;918;423;579;797;470;644;794;580;790;979;535;700;880;556;798;1028;490;636;870;627;811;1037;687;865;1115;550;718;892;638;806;1012;1132;1574;2172;1006;1245;1529;596;798;1054;625;833;1120;755;1034;1339;473;641;800;575;769;925;1093;1450;1898;669;819;996;797;1074;1382
ago-2019;675;907;1227;673;909;1238;655;845;1077;615;806;1039;534;658;826;786;981;1276;630;797;961;642;844;1043;523;688;874;569;726;851;516;712;836;537;723;933;398;590;800;434;644;797;590;800;1004;555;734;957;559;797;1021;470;628;864;629;811;1037;648;840;1112;545;704;902;667;840;1027;1167;1572;2140;1021;1269;1544;591;796;1060;620;840;1130;730;1037;1350;509;692;828;558;741;933;1139;1464;1929;641;805;996;878;1119;1429
set-2019;675;914;1234;674;914;1245;650;852;1080;642;859;1087;536;685;822;768;983;1257;630;818;977;650;845;1055;549;710;835;562;725;864;513;633;836;537;725;934;459;599;747;429;634;787;602;793;1002;567;755;961;572;787;965;479;637;902;621;803;1028;665;853;1124;524;695;896;652;816;1022;1150;1538;2137;1021;1272;1550;608;805;1061;628;846;1139;855;1099;1367;498;713;834;563;748;936;1160;1513;1976;634;808;1010;932;1139;1501
out-2019;678;914;1231;675;913;1240;661;858;1083;647;855;1087;558;693;863;763;991;1276;644;819;974;671;877;1073;579;706;844;566;728;868;550;674;826;554;734;944;493;622;820;400;572;777;623;822;1005;576;748;933;579;778;964;491;656;890;596;793;1008;616;840;1100;497;685;902;620;789;991;1194;1577;2142;1039;1278;1552;611;821;1059;633;877;1165;832;1108;1402;497;732;902;550;763;917;1184;1512;1976;646;864;1059;905;1128;1481
nov-2019;679;912;1228;675;910;1235;667;857;1087;640;837;1053;573;681;843;769;1001;1272;639;805;962;706;874;1100;569;705;848;558;730;863;553;664;801;550;735;943;499;652;856;423;578;778;623;809;1000;561;737;916;565;757;959;511;651;886;595;791;1012;619;855;1106;503;708;920;618;770;935;1199;1585;2165;1038;1283;1552;615;825;1065;644;871;1165;902;1135;1427;497;711;898;557;792;881;1223;1532;2090;668;871;1072;894;1140;1469
dez-2019;688;923;1242;685;921;1248;673;863;1102;625;819;1018;551;664;842;781;1018;1289;645;806;964;725;883;1115;540;703;863;565;725;868;541;665;805;557;746;952;442;598;803;444;587;774;629;800;1004;575;749;956;593;761;997;525;683;908;610;808;1016;639;882;1105;532;747;935;630;767;956;1228;1619;2231;1044;1283;1561;608;831;1075;627;874;1149;939;1207;1487;523;715;899;550;731;870;1201;1522;2046;694;875;1084;838;1131;1473
jan-2020;693;923;1247;691;924;1256;680;867;1109;642;847;1037;546;669;866;782;1018;1300;647;800;964;722;876;1112;500;711;853;578;730;883;550;671;791;556;750;948;469;602;783;465;614;815;636;796;980;584;788;978;593;755;990;523;696;912;632;823;1032;701;896;1128;562;758;923;616;772;968;1192;1605;2234;1048;1282;1576;601;825;1091;634;867;1150;919;1231;1519;506;652;808;538;767;880;1196;1544;2057;678;842;1038;833;1106;1470
fev-2020;691;928;1250;689;930;1260;682;875;1118;638;869;1084;545;700;908;786;1016;1327;674;808;996;724;883;1109;535;714;839;583;729;894;519;690;855;573;761;959;464;589;778;475;627;811;637;804;980;592;802;1015;620;764;997;512;723;920;630;822;1056;713;900;1146;565;743;908;601;759;968;1176;1613;2307;1053;1287;1595;525;787;1066;415;734;1061;904;1257;1593;460;655;809;569;769;954;1173;1544;2028;681;848;1023;819;1089;1425
mar-2020;691;923;1244;688;923;1255;686;875;1098;638;859;1060;538;709;908;790;1016;1313;670;808;982;743;893;1093;600;727;886;579;746;891;529;703;858;569;761;951;485;607;788;498;669;841;637;823;988;590;806;976;567;737;975;500;688;917;629;812;1067;697;892;1153;560;736;944;601;769;1002;1166;1605;2237;1061;1311;1623;535;766;1052;477;762;1091;822;1212;1548;480;658;798;585;750;880;1221;1564;2058;681;853;1011;840;1101;1403
abr-2020;700;939;1258;697;938;1265;691;887;1113;640;861;1048;527;724;905;821;1043;1325;677;841;1003;755;897;1077;592;731;899;577;751;878;517;703;860;579;773;976;420;575;803;493;657;800;662;851;1055;608;827;1015;579;757;982;504;688;914;643;826;1076;700;900;1154;576;746;978;629;791;1047;1182;1610;2310;1075;1348;1650;521;747;1030;432;721;1069;860;1220;1593;441;670;820;600;742;860;1264;1602;2088;698;875;1054;858;1147;1401
mai-2020;718;953;1282;715;951;1289;709;908;1138;667;863;1036;496;631;902;830;1071;1351;683;848;991;780;947;1096;585;741;926;584;761;892;511;759;898;589;794;991;400;576;828;499;665;794;690;864;1105;636;827;1013;590;797;995;545;751;944;644;856;1080;730;938;1165;554;751;971;614;817;1045;1228;1650;2232;1114;1370;1656;610;800;1094;638;857;1131;970;1237;1628;505;667;844;603;734;839;1298;1612;2115;699;914;1081;867;1151;1436
jun-2020;723;964;1294;720;962;1299;719;924;1171;692;884;1056;556;645;871;821;1081;1378;691;862;1026;768;932;1082;517;732;933;635;794;925;517;757;922;601;804;995;423;668;871;483;662;756;705;868;1083;584;791;1020;599;835;995;584;783;942;665;878;1100;742;960;1200;570;808;1006;646;829;1002;1218;1700;2314;1135;1386;1675;601;805;1119;596;813;1121;975;1338;1681;502;618;842;615;743;881;1280;1646;2219;710;910;1090;920;1155;1440
jul-2020;719;964;1296;714;962;1302;712;922;1166;679;887;1062;493;620;754;836;1072;1362;686;847;1021;753;910;1068;508;711;919;623;804;945;501;631;896;595;785;992;462;701;866;495;675;844;635;844;1048;583;770;998;627;847;1055;582;742;941;652;868;1100;745;951;1206;561;776;977;640;843;1000;1261;1723;2256;1133;1384;1667;610;810;1089;639;820;1048;991;1383;1760;501;629;843;611;740;911;1218;1539;2097;721;905;1091;861;1108;1455
ago-2020;712;956;1300;709;956;1309;708;910;1143;679;892;1082;551;707;906;840;1067;1400;689;848;1016;708;869;1058;508;683;919;621;800;944;477;610;787;583;774;996;521;768;920;473;675;820;638;858;1051;583;765;1000;591;824;1059;561;700;922;655;865;1096;745;947;1196;569;769;954;648;845;1000;1280;1723;2306;1111;1390;1679;577;772;1049;622;769;1005;969;1419;1848;499;621;805;518;712;908;1205;1577;2142;717;869;1058;836;1082;1439
set-2020;708;953;1298;706;951;1305;706;904;1135;696;905;1119;494;707;922;836;1063;1358;697;841;1000;720;875;1068;513;664;923;597;781;939;501;636;802;576;770;997;503;714;911;383;660;811;624;838;1058;576;770;1000;603;820;1072;550;679;907;638;857;1084;728;923;1166;564;733;918;652;856;1035;1287;1685;2306;1111;1402;1685;576;782;1042;628;796;1028;940;1427;2071;499;658;820;511;700;896;1200;1548;2065;710;889;1075;855;1113;1465
out-2020;703;947;1300;701;945;1308;704;903;1134;686;896;1101;545;768;968;825;1058;1367;699;846;1002;744;902;1085;514;670;890;591;760;918;532;673;830;569;760;977;496;643;852;380;603;757;651;851;1073;589;760;1006;615;800;1020;527;676;874;632;833;1076;702;916;1150;552;711;918;631;812;1019;1309;1715;2372;1122;1423;1724;568;797;1062;576;787;1052;867;1190;1735;478;640;843;575;737;927;1226;1607;2100;688;894;1093;870;1127;1495
nov-2020;711;954;1300;706;950;1306;703;902;1135;675;885;1093;527;735;910;826;1059;1336;683;846;1018;762;914;1088;525;678;861;602;747;910;561;686;842;571;762;975;410;635;788;379;582;767;635;848;1081;600;771;981;655;820;1018;535;693;873;647;834;1070;702;913;1141;564;739;936;651;815;1033;1305;1770;2493;1134;1429;1713;578;808;1081;576;808;1096;867;1150;1529;497;668;891;575;741;929;1220;1594;2074;703;906;1095;930;1146;1495
dez-2020;715;957;1303;713;955;1311;708;913;1143;665;865;1091;556;731;962;844;1062;1361;671;861;1033;775;929;1100;494;689;866;605;747;907;580;693;879;582;770;976;401;604;753;441;627;832;651;864;1069;605;777;981;652;817;1012;552;716;861;652;836;1084;700;924;1190;577;749;936;651;818;1011;1294;1789;2567;1125;1416;1704;577;788;1081;598;800;1084;867;1152;1436;499;662;854;530;721;929;1187;1545;2087;703;904;1082;903;1157;1493
jan-2021;722;968;1315;719;968;1320;715;916;1151;696;899;1124;561;786;980;846;1065;1343;658;862;1049;782;924;1107;485;703;876;620;774;920;576;707;884;594;790;992;409;572;754;441;645;871;655;874;1091;610;807;1000;649;834;1038;558;731;870;665;870;1085;712;939;1178;578;769;988;682;854;1053;1294;1736;2469;1118;1407;1700;571;761;1065;607;776;1089;934;1134;1535;538;684;851;503;688;931;1170;1550;2022;697;887;1088;892;1161;1498
fev-2021;727;975;1327;725;975;1333;727;933;1174;704;906;1136;579;775;895;859;1075;1370;692;887;1056;780;952;1159;514;704;919;636;804;950;571;699;945;577;783;989;431;587;819;456;647;878;683;850;1050;578;813;1015;631;813;992;551;716;861;641;865;1076;712;946;1195;576;732;985;671;844;1034;1303;1705;2391;1151;1446;1718;583;771;1050;603;800;1105;974;1116;1630;535;695;844;530;689;938;1170;1561;2018;696;874;1103;886;1204;1562
mar-2021;740;993;1354;737;992;1364;733;943;1188;719;902;1133;562;775;893;868;1084;1387;697;882;1067;769;954;1154;560;718;907;618;799;969;557;714;926;596;799;1006;461;628;873;472;645;868;706;883;1097;593;820;1033;636;819;983;551;704;911;654;874;1079;730;950;1217;572;733;985;664;840;1037;1318;1681;2383;1182;1458;1738;640;859;1119;653;869;1155;970;1153;1634;557;709;902;580;766;982;1236;1644;2108;718;924;1130;917;1201;1548
abr-2021;744;1000;1374;740;1000;1382;737;948;1203;717;873;1096;568;745;902;870;1116;1415;705;880;1058;782;963;1169;538;732;981;640;809;973;544;685;877;598;800;1021;489;664;931;477;641;820;726;899;1106;567;796;1027;628;815;991;549;716;937;658;874;1081;723;936;1237;566;746;954;682;859;1046;1346;1732;2460;1207;1486;1768;639;859;1143;600;858;1121;971;1178;1671;600;749;938;582;778;1001;1236;1621;2088;710;939;1137;971;1215;1547
mai-2021;745;1012;1392;743;1012;1411;732;950;1213;687;871;1127;489;700;895;880;1126;1442;700;874;1070;785;977;1159;522;715;957;631;794;955;485;619;841;603;812;1033;474;665;944;491;653;857;723;912;1111;582;802;1046;626;808;983;577;739;979;686;905;1142;745;976;1293;560;747;967;691;897;1088;1380;1807;2439;1198;1483;1765;640;858;1154;611;842;1159;989;1213;1746;602;729;902;580;797;999;1246;1633;2103;702;929;1149;968;1194;1543
jun-2021;734;1001;1386;731;1000;1397;722;945;1200;674;867;1116;565;698;881;871;1120;1430;699;880;1079;785;979;1156;506;698;925;644;795;941;508;625;845;585;799;1018;469;656;864;493;641;860;693;905;1096;577;805;1036;591;787;960;559;730;960;685;910;1143;745;976;1264;562;757;964;702;900;1090;1382;1816;2439;1161;1478;1776;601;823;1121;580;828;1106;1008;1266;1894;531;698;867;559;755;954;1240;1611;2055;695;913;1147;947;1181;1567
jul-2021;726;998;1378;724;1000;1390;720;944;1202;661;848;1094;559;684;874;873;1121;1455;695;880;1084;781;977;1156;524;680;882;649;794;932;533;639;846;584;791;1011;470;659;826;444;639;862;701;905;1111;601;813;1035;586;780;965;533;724;929;667;920;1167;779;1027;1316;552;711;959;649;899;1091;1352;1825;2433;1149;1473;1819;594;794;1125;601;824;1162;1074;1347;1992;505;644;817;554;734;936;1268;1628;2095;726;928;1147;912;1152;1579
ago-2021;725;987;1365;722;988;1375;723;943;1191;664;848;1052;550;698;896;859;1107;1449;705;887;1076;785;971;1157;555;705;925;634;790;946;591;719;860;572;782;1000;477;677;823;453;639;824;662;888;1113;600;805;1042;571;782;977;524;716;915;654;888;1132;747;992;1255;553;708;901;664;891;1080;1312;1771;2493;1189;1502;1847;574;775;1100;588;820;1127;1157;1367;1856;501;655;843;542;691;907;1241;1590;2069;749;938;1139;870;1128;1538
set-2021;733;998;1389;730;1000;1404;735;952;1216;684;870;1060;538;678;928;872;1138;1499;723;897;1073;775;969;1173;558;720;957;661;810;986;615;704;860;589;797;1029;463;662;859;407;622;821;703;917;1164;602;810;1052;610;792;1023;530;738;930;650;885;1149;759;1000;1251;518;699;904;668;901;1136;1347;1849;2562;1230;1539;1843;577;787;1129;593;820;1207;1125;1347;1833;515;667;862;548;691;879;1282;1626;2159;747;924;1126;850;1138;1501
out-2021;743;1010;1422;740;1015;1439;735;964;1228;665;889;1102;534;731;882;885;1159;1502;729;904;1080;768;967;1163;534;711;972;630;817;1010;593;738;894;582;797;1028;482;688;884;392;609;793;690;914;1152;611;815;1105;600;797;991;518;735;924;668;891;1137;758;974;1234;546;757;949;669;897;1131;1409;1885;2570;1267;1549;1850;600;828;1114;636;932;1250;1118;1304;1781;542;699;895;563;699;912;1292;1658;2293;753;913;1105;862;1179;1515
nov-2021;750;1031;1439;749;1034;1454;740;980;1241;672;915;1152;534;715;878;901;1175;1521;722;904;1074;765;985;1183;524;711;960;646;831;1004;562;729;905;591;822;1053;467;700;874;371;570;829;755;956;1194;625;840;1078;623;797;1032;520;730;943;676;923;1175;800;1020;1293;545;759;980;667;889;1157;1467;1890;2515;1247;1542;1851;578;805;1110;639;905;1234;1112;1344;1815;486;655;865;521;701;882;1336;1758;2365;747;917;1122;885;1200;1561
dez-2021;753;1030;1432;750;1035;1451;742;983;1246;660;915;1152;542;715;860;909;1184;1535;714;909;1077;797;1000;1211;500;698;931;630;816;996;562;777;918;596;817;1048;499;694;859;385;585;824;728;949;1186;619;831;1054;631;826;1033;528;742;935;675;924;1187;783;1025;1308;577;780;1035;652;871;1130;1447;1901;2562;1257;1569;1906;586;800;1060;648;890;1161;1029;1334;1720;494;683;886;522;725;915;1334;1753;2310;757;927;1120;843;1190;1538
jan-2022;762;1037;1429;760;1040;1445;762;990;1256;682;945;1162;546;744;932;911;1183;1533;724;923;1096;849;1029;1218;548;717;930;659;831;991;511;689;909;606;836;1067;517;667;859;416;602;876;740;965;1187;605;834;1048;664;862;1107;572;761;955;682;925;1191;775;1028;1317;578;803;1045;678;891;1145;1423;1921;2642;1270;1618;1949;582;814;1059;611;838;1090;1009;1325;1908;478;649;888;538;768;930;1328;1756;2336;759;948;1150;860;1254;1573
fev-2022;779;1047;1450;776;1050;1473;780;1000;1275;725;975;1185;560;762;949;925;1203;1569;740;928;1113;883;1057;1262;567;750;932;687;845;1015;531;712;937;619;847;1072;516;667;882;416;657;893;729;954;1171;618;836;1069;663;867;1116;598;799;1003;687;932;1187;763;1029;1309;591;829;1088;693;910;1148;1451;1977;2724;1302;1648;1997;624;847;1112;643;889;1145;939;1243;1848;533;715;905;612;807;979;1386;1830;2405;779;967;1165;860;1234;1520
mar-2022;791;1067;1473;788;1066;1495;791;1020;1288;726;994;1242;585;766;950;935;1207;1572;766;944;1146;877;1061;1246;587;785;965;709;880;1032;532;731;937;623;864;1091;487;744;949;429;634;911;738;973;1204;637;867;1089;671;869;1131;608;792;1015;711;970;1208;794;1055;1343;617;831;1097;717;941;1154;1489;2000;2684;1308;1668;2003;619;857;1156;640;902;1156;1028;1443;2093;527;692;900;590;809;989;1410;1815;2384;786;989;1200;928;1275;1574
abr-2022;800;1083;1506;798;1085;1526;797;1035;1308;736;996;1281;602;781;943;951;1223;1588;758;947;1154;889;1083;1268;596;794;1025;708;900;1049;574;769;951;620;865;1104;462;728;949;442;616;877;752;1002;1245;634;867;1091;656;854;1123;615;823;1040;736;983;1231;838;1075;1387;628;839;1084;731;941;1168;1516;2041;2734;1330;1695;2051;636;882;1196;655;906;1227;1108;1508;2095;530;731;909;615;825;1000;1422;1804;2379;779;980;1200;935;1251;1597
mai-2022;805;1104;1538;802;1106;1557;809;1055;1331;740;1032;1314;609;758;893;956;1242;1602;779;988;1158;889;1090;1299;606;761;1049;713;908;1061;571;780;1002;617;867;1134;459;701;956;442;605;866;790;1038;1280;619;880;1135;656;854;1119;610;808;1040;737;983;1246;842;1083;1400;600;808;1065;740;965;1201;1559;2059;2754;1365;1727;2090;645;881;1188;655;902;1225;1184;1756;2359;573;758;908;568;826;1011;1449;1842;2381;766;972;1200;990;1319;1667
jun-2022;818;1122;1569;816;1125;1580;827;1075;1356;785;1053;1314;568;775;901;970;1263;1624;787;1003;1192;893;1111;1315;599;731;1076;714;917;1091;581;857;1035;617;868;1135;430;641;963;442;600;842;816;1050;1297;605;832;1104;643;842;1099;577;814;1054;720;982;1264;840;1108;1412;584;801;1008;738;980;1226;1598;2098;2797;1402;1783;2148;679;904;1237;687;937;1322;1116;1758;2263;614;778;919;597;845;1009;1475;1927;2533;769;988;1207;1003;1327;1711
jul-2022;822;1129;1572;819;1131;1584;834;1080;1368;800;1058;1313;560;723;874;972;1280;1649;831;1025;1200;903;1112;1321;569;731;1060;708;903;1082;555;876;1063;618;875;1145;424;640;906;451;633;910;814;1057;1290;609;857;1123;663;847;1106;571;797;993;697;978;1272;809;1116;1411;595;807;1000;709;968;1245;1602;2097;2812;1418;1793;2142;665;895;1237;712;958;1327;1158;1577;2101;621;756;906;556;824;1004;1514;1994;2504;783;1005;1207;994;1332;1687
ago-2022;813;1126;1572;809;1126;1584;831;1078;1371;792;1035;1274;542;723;909;977;1275;1656;838;1039;1215;885;1098;1325;552;750;1061;731;909;1101;557;845;1062;611;861;1137;439;679;922;462;674;953;784;1055;1280;612;843;1110;655;856;1130;472;715;960;715;996;1309;845;1160;1451;605;827;1053;718;958;1246;1613;2135;2887;1462;1831;2160;668;879;1183;697;931;1263;1145;1551;2047;622;761;949;567;800;973;1539;2037;2666;762;1015;1211;1063;1384;1726
set-2022;816;1136;1607;815;1137;1623;830;1083;1383;772;1020;1253;577;728;882;999;1290;1698;825;1032;1220;902;1123;1376;558;783;1049;699;894;1095;555;743;1025;611;870;1159;501;713;929;474;693;953;778;1056;1299;636;888;1161;678;826;1099;471;722;982;745;1014;1353;855;1156;1494;618;868;1102;746;984;1293;1634;2135;2921;1471;1844;2198;643;865;1165;686;911;1254;1202;1621;2090;603;744;958;563;766;986;1557;2019;2710;743;992;1216;1062;1387;1717
out-2022;812;1142;1613;808;1142;1635;824;1087;1389;736;1000;1269;559;730;929;998;1281;1720;810;1030;1229;882;1128;1350;572;842;1099;699;915;1130;594;733;921;613;873;1174;465;656;934;465;701;929;757;1036;1312;634;870;1167;700;893;1173;480;732;1022;767;1041;1359;891;1202;1532;583;827;1105;774;1012;1281;1677;2238;2928;1427;1863;2229;647;875;1202;690;920;1358;1244;1694;2246;609;748;990;566;768;961;1573;2079;2793;751;1018;1250;1084;1390;1748
nov-2022;818;1148;1621;817;1151;1644;818;1084;1407;725;969;1220;584;746;964;1005;1316;1761;815;1005;1235;889;1124;1344;576;847;1105;685;928;1123;549;737;882;640;907;1190;465;631;1038;487;681;915;791;1063;1315;675;901;1182;734;926;1200;579;823;1065;778;1046;1370;870;1168;1487;651;894;1134;781;1030;1325;1645;2208;2944;1410;1860;2271;631;882;1215;708;953;1416;1232;1614;2080;540;709;984;564;787;963;1589;2102;2759;750;1020;1240;1055;1435;1770
dez-2022;817;1148;1612;816;1149;1623;818;1083;1404;706;960;1245;511;657;984;980;1304;1756;820;1016;1264;895;1118;1328;606;870;1121;704;917;1108;500;737;882;630;917;1194;449;609;1037;512;656;931;782;1071;1301;632;900;1189;744;997;1249;559;802;1067;766;1048;1361;878;1169;1473;597;868;1136;769;1039;1323;1600;2208;3000;1419;1862;2292;642;874;1219;748;975;1507;1104;1526;1910;543;714;971;570;765;966;1569;2115;2782;786;1050;1257;1042;1448;1856
jan-2023;817;1152;1619;816;1151;1629;815;1080;1411;675;911;1212;516;656;948;992;1325;1747;807;1011;1264;918;1118;1365;571;783;1075;704;915;1075;522;774;1014;628;917;1191;455;660;1037;497;654;889;781;1065;1291;660;925;1201;709;956;1214;566;802;1079;745;1040;1350;842;1119;1424;605;867;1133;792;1053;1336;1622;2211;3043;1395;1830;2255;656;889;1277;731;985;1527;1195;1462;1975;542;721;1000;590;753;987;1589;2083;2753;796;1019;1290;1100;1443;1854
fev-2023;819;1147;1611;814;1143;1616;821;1088;1395;653;962;1242;533;726;1000;996;1301;1677;802;1012;1255;925;1136;1355;560;755;1049;711;937;1112;517;749;939;606;891;1156;432;606;878;483;665;904;760;1030;1276;571;896;1160;617;924;1176;584;795;1064;737;1025;1325;838;1144;1480;609;855;1079;745;1026;1317;1600;2129;2966;1387;1857;2247;700;950;1333;780;1027;1529;1167;1455;1957;645;771;994;612;775;997;1592;2091;2668;783;1030;1337;1149;1410;1856
mar-2023;810;1135;1613;807;1133;1622;816;1075;1385;684;968;1188;599;804;986;995;1294;1668;776;985;1218;928;1151;1373;512;704;1000;714;937;1120;537;738;881;602;864;1150;462;595;901;474;646;890;734;1004;1276;615;880;1154;619;892;1175;603;776;1071;738;1016;1327;833;1131;1491;633;864;1090;745;1023;1314;1567;2071;2882;1366;1835;2215;664;930;1260;763;1011;1456;1207;1737;2212;577;766;959;623;799;1009;1651;2119;2727;763;1009;1335;1096;1392;1862
abr-2023;823;1137;1627;821;1136;1636;828;1082;1394;777;1000;1290;593;832;997;989;1274;1675;780;990;1218;948;1158;1363;444;687;1003;716;933;1165;568;749;875;603;864;1123;445;595;855;482;666;927;733;1000;1284;623;873;1126;604;875;1135;612;753;1008;766;1027;1350;841;1163;1545;666;875;1125;749;1010;1319;1568;2064;2895;1355;1846;2242;662;931;1237;846;1042;1408;1172;1769;2094;567;754;937;620;817;1086;1624;2121;2736;757;1014;1319;1073;1421;1857
mai-2023;829;1153;1642;827;1150;1647;829;1090;1407;771;980;1301;502;700;895;986;1286;1681;768;1015;1241;908;1155;1371;469;730;995;714;906;1156;629;821;967;612;870;1130;462;635;872;551;754;987;732;1030;1287;626;890;1155;636;860;1138;589;758;1045;793;1056;1374;878;1164;1525;653;876;1129;846;1068;1377;1609;2117;2931;1363;1828;2285;651;909;1281;749;992;1393;1307;1776;2568;561;753;903;627;863;1094;1595;2119;2828;772;1024;1349;1083;1478;1936
jun-2023;853;1173;1667;849;1167;1673;843;1105;1423;767;1015;1301;546;735;1051;979;1285;1714;780;1008;1218;911;1136;1364;531;768;1012;741;989;1211;599;877;1012;635;891;1164;480;665;984;571;825;1010;792;1062;1322;622;894;1162;656;879;1140;599;821;1083;810;1068;1384;897;1185;1542;646;878;1131;872;1068;1375;1640;2141;3000;1373;1880;2316;696;950;1319;747;1033;1398;1263;1685;2643;586;772;967;664;880;1160;1596;2115;2773;824;1050;1366;1134;1500;1908
jul-2023;856;1184;1681;853;1180;1688;843;1112;1425;759;1016;1250;546;744;1064;978;1301;1719;808;1041;1237;883;1110;1358;636;819;1043;756;989;1225;478;776;1006;651;904;1182;528;675;1007;525;809;1036;803;1079;1335;624;896;1133;693;908;1169;597;837;1089;819;1087;1410;926;1233;1595;620;892;1163;871;1080;1385;1646;2143;3031;1450;1916;2307;721;964;1345;755;1049;1462;1268;1591;2667;588;791;996;699;886;1152;1623;2144;2815;823;1060;1379;1109;1497;1960
ago-2023;871;1197;1714;866;1194;1725;854;1121;1441;728;1031;1258;651;834;1057;994;1324;1769;839;1046;1250;914;1125;1350;624;806;1058;756;1003;1225;431;659;871;659;925;1212;528;675;1055;446;719;973;833;1094;1349;643;929;1197;723;954;1200;582;835;1073;811;1087;1410;950;1252;1632;629;888;1181;818;1062;1318;1691;2185;3099;1475;1947;2315;747;1020;1408;823;1094;1430;1305;1599;2607;576;803;1050;654;882;1137;1690;2178;2881;852;1091;1384;1092;1450;1975
set-2023;867;1198;1699;860;1191;1700;859;1124;1450;732;1025;1315;604;737;995;1003;1344;1748;852;1071;1277;925;1144;1334;589;806;1068;785;988;1217;550;710;875;647;911;1188;524;671;964;459;645;965;792;1063;1329;647;952;1179;749;947;1197;582;770;1016;825;1102;1425;988;1284;1686;655;893;1173;841;1070;1313;1706;2204;3068;1474;1953;2334;729;1025;1436;814;1094;1447;1466;1742;2667;559;793;1085;601;873;1087;1595;2169;2865;880;1163;1450;1206;1593;2068
out-2023;869;1200;1687;862;1192;1691;862;1124;1445;743;1024;1328;583;714;997;1033;1352;1736;824;1042;1263;932;1162;1344;596;823;1050;787;989;1223;509;684;880;644;916;1190;455;637;909;484;673;930;814;1089;1319;649;952;1229;738;945;1182;585;779;1058;842;1108;1420;1000;1283;1689;684;887;1143;818;1076;1323;1697;2234;2995;1481;1953;2388;661;963;1387;756;1073;1407;1491;1793;2472;535;768;1036;574;803;1030;1635;2130;2872;880;1163;1412;1209;1600;2065
nov-2023;870;1199;1664;863;1191;1666;870;1140;1449;765;1016;1350;536;709;957;1042;1352;1709;836;1043;1282;953;1164;1370;631;875;1072;798;995;1229;521;753;977;676;921;1188;453;635;847;508;700;983;814;1092;1332;665;928;1174;760;962;1164;611;808;1103;841;1117;1428;1010;1271;1679;706;898;1162;802;1085;1321;1667;2218;2947;1482;1911;2342;696;955;1337;800;1112;1416;1491;1793;2449;549;776;974;627;806;1032;1606;2066;2875;891;1163;1383;1164;1600;2049
dez-2023;887;1210;1668;880;1208;1673;886;1153;1461;797;1046;1347;505;746;990;1058;1371;1740;855;1067;1292;977;1186;1424;676;885;1116;788;987;1221;489;725;921;687;937;1208;500;682;966;510;724;970;816;1089;1336;648;920;1198;755;979;1184;641;841;1155;875;1158;1460;1024;1274;1665;711;919;1211;835;1117;1367;1667;2196;3000;1495;1930;2301;715;990;1347;822;1106;1442;1448;1736;2290;563;793;990;635;849;1092;1623;2088;2836;908;1143;1368;1154;1600;2016
jan-2024;906;1222;1671;899;1217;1674;909;1173;1472;782;1055;1354;531;770;940;1058;1376;1754;875;1111;1317;1007;1233;1451;678;895;1138;805;1004;1206;534;754;924;708;952;1235;580;754;1088;530;742;971;823;1074;1334;664;945;1238;790;983;1221;674;844;1157;890;1158;1472;1024;1287;1700;737;983;1229;843;1102;1383;1683;2194;3021;1498;1922;2268;749;1028;1437;841;1131;1534;1457;1753;2319;626;805;1023;644;864;1092;1640;2139;2882;939;1168;1384;1220;1628;2054
fev-2024;912;1230;1682;903;1225;1685;913;1183;1477;784;1089;1380;571;747;950;1067;1375;1750;874;1091;1317;1022;1255;1496;633;858;1095;818;1019;1200;479;714;938;687;952;1237;573;760;1087;538;755;959;800;1067;1336;682;961;1238;734;985;1262;647;849;1165;895;1164;1480;1011;1333;1720;772;1007;1242;897;1114;1383;1715;2185;3071;1475;1927;2281;766;1040;1466;830;1084;1558;1464;1761;2228;652;817;1056;625;900;1109;1671;2218;2921;945;1175;1402;1225;1623;2080
mar-2024;917;1239;1702;912;1234;1707;917;1196;1494;788;1091;1379;583;768;984;1075;1385;1757;883;1103;1333;1014;1260;1512;616;856;1067;831;1031;1200;575;791;1066;707;970;1237;554;728;1023;518;767;1002;804;1065;1338;748;995;1246;791;1019;1285;648;869;1157;894;1171;1471;1029;1345;1738;772;1035;1243;900;1122;1370;1719;2243;3042;1509;1923;2335;761;1046;1459;837;1105;1562;1472;1760;2150;637;794;1056;705;941;1178;1680;2191;3014;914;1171;1421;1236;1627;2083
abr-2024;921;1248;1724;915;1242;1726;925;1200;1510;820;1146;1426;577;781;1012;1084;1400;1765;891;1111;1342;1009;1263;1529;609;839;1019;845;1026;1206;591;792;1066;703;963;1233;524;679;941;517;750;999;803;1088;1390;745;982;1227;795;1046;1278;630;840;1108;883;1178;1497;1005;1343;1726;743;1011;1243;938;1153;1401;1741;2289;3097;1533;1943;2396;755;1052;1464;871;1124;1562;1453;1844;2272;637;792;1036;726;958;1203;1675;2185;2996;917;1180;1450;1232;1658;2102
mai-2024;920;1263;1750;916;1257;1750;923;1210;1519;824;1151;1416;586;838;1016;1090;1414;1799;903;1141;1347;1010;1253;1529;617;850;1047;842;1034;1270;594;779;982;713;975;1258;526;705;1002;502;736;1009;842;1071;1383;739;982;1278;819;1066;1307;630;860;1142;914;1198;1549;1030;1393;1791;718;997;1241;951;1176;1431;1760;2367;3126;1528;1933;2369;744;1052;1423;876;1157;1541;1357;1806;2308;560;750;953;715;945;1197;1726;2206;2990;855;1131;1453;1293;1726;2165
jun-2024;923;1272;1772;916;1266;1767;925;1209;1526;816;1146;1408;593;790;1024;1085;1410;1808;905;1145;1356;1002;1255;1541;600;834;1033;851;1061;1290;587;773;966;708;975;1284;540;779;1056;524;754;1009;876;1100;1412;712;982;1311;784;1046;1320;588;829;1163;927;1217;1572;1032;1381;1750;720;1000;1235;954;1207;1491;1797;2409;3215;1510;1938;2369;763;1052;1417;868;1142;1480;1345;1793;2393;575;774;932;709;939;1161;1741;2243;2988;891;1132;1463;1337;1775;2247
jul-2024;936;1281;1799;932;1276;1796;936;1224;1542;854;1150;1427;579;804;1087;1101;1406;1822;911;1149;1363;1010;1278;1564;593;816;1066;865;1091;1303;557;773;960;706;1000;1295;545;780;1068;511;731;1029;869;1098;1383;727;1040;1308;776;1055;1353;587;826;1180;938;1236;1567;1086;1384;1776;723;1023;1269;958;1182;1478;1811;2419;3291;1513;1945;2409;733;1023;1400;830;1139;1444;1310;1778;2421;560;775;936;675;932;1155;1785;2343;3070;898;1134;1510;1364;1803;2283
ago-2024;946;1297;1808;940;1289;1805;946;1233;1548;852;1150;1424;571;805;1110;1096;1417;1822;927;1171;1381;1013;1293;1579;637;856;1136;872;1090;1304;593;794;1007;703;1019;1310;543;785;1045;528;772;1123;886;1157;1462;756;1053;1324;733;1045;1331;580;811;1180;938;1248;1577;1085;1381;1744;757;1035;1283;970;1216;1501;1826;2420;3258;1551;1991;2441;741;1028;1400;813;1092;1437;1442;1812;2645;625;808;989;652;936;1155;1784;2388;3127;913;1168;1537;1403;1817;2300
set-2024;946;1301;1827;940;1298;1827;958;1246;1572;895;1192;1450;585;831;1116;1119;1438;1857;935;1165;1405;1032;1285;1574;642;873;1232;872;1101;1327;608;804;1046;698;1016;1304;550;763;1020;509;721;1088;886;1158;1465;750;1051;1300;754;1072;1348;595;837;1144;892;1223;1564;1059;1388;1738;747;1004;1308;955;1209;1506;1887;2455;3315;1611;2047;2500;726;1001;1377;794;1090;1467;1366;1812;2669;621;820;1056;652;916;1126;1826;2422;3196;899;1200;1513;1417;1826;2323
out-2024;947;1317;1833;942;1312;1828;962;1260;1584;895;1193;1446;614;831;1060;1122;1448;1872;951;1185;1428;1054;1300;1582;637;890;1225;875;1107;1335;605;874;1129;700;1000;1311;555;770;984;511;727;1057;899;1200;1544;763;1037;1310;736;1034;1306;634;880;1175;893;1244;1575;1044;1385;1690;746;1015;1373;939;1216;1530;1852;2461;3294;1634;2065;2521;750;1027;1421;794;1083;1498;1389;1831;2608;645;849;1139;702;918;1152;1811;2470;3251;891;1203;1549;1440;1852;2350
;;;;;;;;;;;;;;;;;;;;;;;;;;;;;;;;;;;;;;;;;;;;;;;;;;;;;;;;;;;;;;;;;;;;;;;;;;;;;;;;;;;;;;;;;;;;;;;;
;Notes:;;;;;;;;;;;;;;;;;;;;;;;;;;;;;;;;;;;;;;;;;;;;;;;;;;;;;;;;;;;;;;;;;;;;;;;;;;;;;;;;;;;;;;;;;;;;;;;
;            (1) Corresponds to the value observed in the 25th percentile, based on the increasing ordering of the value per square meter of housing bank appraisals.;;;;;;;;;;;;;;;;;;;;;;;;;;;;;;;;;;;;;;;;;;;;;;;;;;;;;;;;;;;;;;;;;;;;;;;;;;;;;;;;;;;;;;;;;;;;;;;
;            (2) Corresponds to the median value of the observations of the housing bank appraisals.;;;;;;;;;;;;;;;;;;;;;;;;;;;;;;;;;;;;;;;;;;;;;;;;;;;;;;;;;;;;;;;;;;;;;;;;;;;;;;;;;;;;;;;;;;;;;;;
;            (3) Corresponds to the value observed in the 75th percentile, based on the increasing ordering of the value per square meter of housing bank appraisals.;;;;;;;;;;;;;;;;;;;;;;;;;;;;;;;;;;;;;;;;;;;;;;;;;;;;;;;;;;;;;;;;;;;;;;;;;;;;;;;;;;;;;;;;;;;;;;;
;;;;;;;;;;;;;;;;;;;;;;;;;;;;;;;;;;;;;;;;;;;;;;;;;;;;;;;;;;;;;;;;;;;;;;;;;;;;;;;;;;;;;;;;;;;;;;;;
;? Confidential value;;;;;;;;;;;;;;;;;;;;;;;;;;;;;;;;;;;;;;;;;;;;;;;;;;;;;;;;;;;;;;;;;;;;;;;;;;;;;;;;;;;;;;;;;;;;;;;
;- Data not available;;;;;;;;;;;;;;;;;;;;;;;;;;;;;;;;;;;;;;;;;;;;;;;;;;;;;;;;;;;;;;;;;;;;;;;;;;;;;;;;;;;;;;;;;;;;;;;
